id,neighbourhood_group,latitude,longitude,room_type,price
44096,Bronx,40.83232,-73.93184,Private room,40
54626,Bronx,40.83075,-73.93058,Private room,45
63588,Bronx,40.81309,-73.85514,Private room,90
63610,Bronx,40.88057,-73.83572,Entire home/apt,105
71812,Bronx,40.87207,-73.90193,Entire home/apt,90
149777,Bronx,40.89747,-73.8639,Entire home/apt,77
169306,Bronx,40.85811,-73.90675,Private room,37
182177,Bronx,40.86466,-73.85709,Entire home/apt,125
206071,Bronx,40.82802,-73.92039,Private room,50
230854,Bronx,40.83001,-73.92158,Private room,50
245544,Bronx,40.8679,-73.90023,Private room,42
267535,Bronx,40.89557,-73.8447,Private room,50
385824,Bronx,40.87991,-73.91673,Entire home/apt,120
444430,Bronx,40.811280000000004,-73.92399,Private room,49
449680,Bronx,40.81611,-73.89909,Entire home/apt,100
498120,Bronx,40.8687,-73.8524,Private room,35
506575,Bronx,40.84937,-73.91328,Private room,45
525293,Bronx,40.82822,-73.92439,Entire home/apt,250
715270,Bronx,40.85956,-73.87067,Private room,39
755528,Bronx,40.8584,-73.86969,Entire home/apt,49
773041,Bronx,40.85914,-73.86979,Private room,38
781486,Bronx,40.80461,-73.92276,Private room,60
791452,Bronx,40.88757,-73.90522,Entire home/apt,60
858695,Bronx,40.84058,-73.91382,Private room,30
958444,Bronx,40.85235,-73.78873,Entire home/apt,84
1026683,Bronx,40.81906,-73.92806,Private room,85
1187643,Bronx,40.80904,-73.93037,Private room,65
1278784,Bronx,40.81291,-73.90772,Private room,60
1347175,Bronx,40.88166,-73.91103,Private room,90
1490223,Bronx,40.800110000000004,-73.9133,Private room,60
1693028,Bronx,40.88296,-73.86264,Private room,50
1739847,Bronx,40.82138,-73.87603,Private room,45
1747833,Bronx,40.84367,-73.91718,Private room,43
1798500,Bronx,40.86317,-73.82494,Private room,75
1934765,Bronx,40.83645,-73.86634,Entire home/apt,195
1936633,Bronx,40.85258,-73.78762,Entire home/apt,120
1956677,Bronx,40.80844,-73.92889,Entire home/apt,140
2008227,Bronx,40.90804,-73.90005,Private room,53
2062630,Bronx,40.85667,-73.86543,Entire home/apt,80
2082328,Bronx,40.82347,-73.89495,Private room,65
2223628,Bronx,40.86467,-73.90125,Private room,75
2296024,Bronx,40.88579,-73.91599,Entire home/apt,250
2392296,Bronx,40.88437,-73.89746,Shared room,32
2435198,Bronx,40.82528,-73.86004,Private room,50
2545184,Bronx,40.87605,-73.88047,Private room,70
2618288,Bronx,40.83012,-73.92714,Private room,41
2628191,Bronx,40.866460000000004,-73.82154,Private room,80
2669366,Bronx,40.84192,-73.91108,Private room,40
2719640,Bronx,40.80091,-73.91449,Private room,71
2772111,Bronx,40.86705,-73.88545,Shared room,55
2814931,Bronx,40.80554,-73.92606,Entire home/apt,120
2848235,Bronx,40.85711,-73.91594,Private room,44
3039110,Bronx,40.83288,-73.91834,Private room,50
3185829,Bronx,40.88075,-73.84845,Entire home/apt,95
3191678,Bronx,40.89603,-73.89958,Private room,75
3312276,Bronx,40.81444,-73.92516,Entire home/apt,75
3400359,Bronx,40.86677,-73.85938,Private room,49
3429765,Bronx,40.86689,-73.85776,Private room,47
3431378,Bronx,40.81055,-73.92482,Private room,55
3507112,Bronx,40.81049,-73.9043,Private room,79
3627326,Bronx,40.81954,-73.92715,Private room,105
3628328,Bronx,40.82603,-73.92312,Entire home/apt,87
3655007,Bronx,40.88855,-73.85127,Private room,50
3769052,Bronx,40.84611,-73.91036,Private room,40
3790118,Bronx,40.8105,-73.92507,Private room,55
3802218,Bronx,40.80772,-73.91791,Private room,53
3839364,Bronx,40.89022,-73.9039,Entire home/apt,95
3888469,Bronx,40.81321,-73.90259,Private room,100
3939086,Bronx,40.80866,-73.92069,Private room,45
3953314,Bronx,40.81192,-73.85334,Entire home/apt,155
3953415,Bronx,40.81225,-73.85349,Private room,75
4031463,Bronx,40.87786,-73.87641,Private room,50
4032229,Bronx,40.85696,-73.91439,Private room,47
4039789,Bronx,40.83331,-73.91742,Entire home/apt,90
4082062,Bronx,40.8806,-73.83433,Private room,75
4093399,Bronx,40.88009,-73.83442,Private room,68
4119763,Bronx,40.87184,-73.88622,Private room,51
4216435,Bronx,40.88399,-73.89502,Entire home/apt,110
4278389,Bronx,40.81231,-73.85535,Shared room,45
4296710,Bronx,40.86809,-73.90201,Private room,37
4407790,Bronx,40.86682,-73.85812,Private room,49
4449559,Bronx,40.82636,-73.92655,Entire home/apt,105
4456312,Bronx,40.87829,-73.89337,Private room,57
4462008,Bronx,40.86814,-73.85874,Private room,47
4472904,Bronx,40.8423,-73.87055,Private room,25
4504049,Bronx,40.87896,-73.84978,Private room,55
4632852,Bronx,40.83719,-73.92015,Private room,85
4667707,Bronx,40.82393,-73.92414,Entire home/apt,145
4671824,Bronx,40.83212,-73.93054,Private room,60
4738429,Bronx,40.81214,-73.85371,Entire home/apt,110
4795390,Bronx,40.880160000000004,-73.84923,Private room,43
4904582,Bronx,40.85062,-73.90251,Private room,40
4963237,Bronx,40.87829,-73.83471,Entire home/apt,155
4963511,Bronx,40.88017,-73.83484,Entire home/apt,250
4967098,Bronx,40.85465,-73.85669,Private room,50
5046189,Bronx,40.87054,-73.84681,Entire home/apt,450
5288228,Bronx,40.83875,-73.88728,Private room,38
5354796,Bronx,40.85535,-73.91388,Private room,57
5458432,Bronx,40.83161,-73.91958,Entire home/apt,150
5495927,Bronx,40.83887,-73.88805,Private room,42
5749147,Bronx,40.84061,-73.88858,Private room,30
5803068,Bronx,40.8789,-73.84855,Private room,45
5824543,Bronx,40.82209,-73.90086,Private room,80
5871372,Bronx,40.87765,-73.86318,Entire home/apt,63
5889379,Bronx,40.81935,-73.90772,Private room,65
6066563,Bronx,40.8115,-73.85607,Entire home/apt,110
6180121,Bronx,40.82122,-73.92773,Private room,56
6244089,Bronx,40.84819,-73.90648,Entire home/apt,125
6248335,Bronx,40.82883,-73.88854,Entire home/apt,119
6256470,Bronx,40.84626,-73.90473,Entire home/apt,105
6395433,Bronx,40.82809,-73.9159,Entire home/apt,65
6421429,Bronx,40.88241,-73.83422,Entire home/apt,115
6557289,Bronx,40.82639,-73.90363,Private room,680
6699725,Bronx,40.8198,-73.90341,Private room,99
6705604,Bronx,40.87225,-73.88748,Private room,33
6726337,Bronx,40.88238,-73.90689,Entire home/apt,159
6939597,Bronx,40.80993,-73.92613,Entire home/apt,100
6965529,Bronx,40.85073,-73.9128,Private room,50
7087528,Bronx,40.87183,-73.90371,Private room,75
7342107,Bronx,40.82873,-73.89553,Entire home/apt,120
7501694,Bronx,40.81335,-73.8873,Private room,40
7502146,Bronx,40.81395,-73.88675,Private room,40
7561686,Bronx,40.82381,-73.92725,Entire home/apt,110
7686940,Bronx,40.82417,-73.90156,Private room,95
7692660,Bronx,40.81229,-73.88887,Private room,40
7734670,Bronx,40.81387,-73.88797,Private room,37
7771351,Bronx,40.84423,-73.83602,Private room,59
7791635,Bronx,40.88001,-73.8345,Private room,62
7791636,Bronx,40.88211,-73.83625,Shared room,45
7869876,Bronx,40.80247,-73.91435,Entire home/apt,90
7949480,Bronx,40.85205,-73.78868,Private room,107
8239650,Bronx,40.81476,-73.80001,Entire home/apt,325
8265482,Bronx,40.84328,-73.88173,Private room,79
8275331,Bronx,40.88301,-73.85452,Private room,65
8294259,Bronx,40.86789,-73.85999,Private room,63
8324941,Bronx,40.85362,-73.82949,Shared room,150
8365647,Bronx,40.88837,-73.90939,Private room,65
8386220,Bronx,40.83746,-73.92268,Private room,59
8402207,Bronx,40.829390000000004,-73.86514,Private room,28
8518051,Bronx,40.81773,-73.86164,Entire home/apt,100
8673141,Bronx,40.82424,-73.91316,Entire home/apt,225
8756017,Bronx,40.86711,-73.89525,Private room,65
8772654,Bronx,40.85311,-73.90861,Private room,33
8901538,Bronx,40.82226,-73.88906,Private room,60
8903147,Bronx,40.87709,-73.88228,Private room,38
8988451,Bronx,40.82705,-73.91337,Private room,95
9147025,Bronx,40.84487,-73.78954,Entire home/apt,110
9260415,Bronx,40.86617,-73.848,Private room,47
9312190,Bronx,40.81897,-73.92735,Entire home/apt,159
9334185,Bronx,40.87842,-73.9029,Private room,75
9367337,Bronx,40.83735,-73.85997,Entire home/apt,139
9394188,Bronx,40.8113,-73.92465,Private room,65
9412522,Bronx,40.879,-73.90062,Entire home/apt,189
9453245,Bronx,40.85487,-73.88711,Private room,70
9513511,Bronx,40.85753,-73.86605,Private room,85
9597258,Bronx,40.88165,-73.85625,Private room,34
9710538,Bronx,40.88422,-73.90886,Entire home/apt,85
9788114,Bronx,40.82023,-73.92844,Entire home/apt,87
9846114,Bronx,40.81192,-73.90949,Private room,64
10014783,Bronx,40.85292,-73.91683,Private room,51
10172621,Bronx,40.85592,-73.86743,Entire home/apt,80
10332161,Bronx,40.85598,-73.90052,Private room,35
10338696,Bronx,40.84721,-73.83222,Entire home/apt,37
10476556,Bronx,40.83953,-73.85717,Entire home/apt,88
10476782,Bronx,40.88808,-73.86017,Entire home/apt,85
10719039,Bronx,40.88777,-73.9059,Private room,70
10807838,Bronx,40.86553,-73.83993,Private room,35
10888320,Bronx,40.8506,-73.90231,Entire home/apt,109
10947986,Bronx,40.88214,-73.90847,Entire home/apt,99
11020169,Bronx,40.87223,-73.84335,Entire home/apt,95
11138823,Bronx,40.89694,-73.86055,Entire home/apt,90
11147993,Bronx,40.87556,-73.8584,Entire home/apt,85
11194693,Bronx,40.82345,-73.9033,Entire home/apt,89
11272222,Bronx,40.82731,-73.91632,Private room,100
11320482,Bronx,40.88599,-73.89868,Private room,45
11371535,Bronx,40.85324,-73.86506,Private room,40
11497938,Bronx,40.88058,-73.91812,Entire home/apt,79
11634797,Bronx,40.9008,-73.90639,Private room,49
11639297,Bronx,40.8787,-73.90098,Private room,35
11656750,Bronx,40.8183,-73.91938,Entire home/apt,150
11675715,Bronx,40.85139,-73.78414,Entire home/apt,95
11695338,Bronx,40.82442,-73.86193,Private room,45
11751916,Bronx,40.8199,-73.9281,Entire home/apt,110
11778761,Bronx,40.81778,-73.90858,Private room,60
11866301,Bronx,40.87925,-73.88254,Entire home/apt,80
11959854,Bronx,40.8522,-73.91014,Private room,26
12000603,Bronx,40.8883,-73.91665,Entire home/apt,150
12070965,Bronx,40.8098,-73.92149,Private room,500
12114017,Bronx,40.80903,-73.92143,Entire home/apt,125
12132772,Bronx,40.81928,-73.90933,Private room,60
12133746,Bronx,40.81725,-73.90929,Private room,55
12134113,Bronx,40.81911,-73.90939,Private room,60
12345615,Bronx,40.83648,-73.85812,Private room,59
12346131,Bronx,40.86323,-73.84638,Entire home/apt,450
12390529,Bronx,40.83703,-73.85648,Private room,75
12405814,Bronx,40.81384,-73.90514,Entire home/apt,85
12496118,Bronx,40.86947,-73.85993,Entire home/apt,104
12564287,Bronx,40.89118,-73.84987,Entire home/apt,99
12774885,Bronx,40.88871,-73.86175,Private room,40
12781270,Bronx,40.86412,-73.84664,Entire home/apt,75
12793649,Bronx,40.82575,-73.92421,Entire home/apt,175
12847902,Bronx,40.83211,-73.92052,Private room,49
12933540,Bronx,40.83049,-73.87354,Shared room,51
12955940,Bronx,40.85396,-73.89872,Private room,34
12988898,Bronx,40.86032,-73.88493,Shared room,130
13117282,Bronx,40.83458,-73.91021,Entire home/apt,57
13130744,Bronx,40.88493,-73.8618,Entire home/apt,67
13248565,Bronx,40.84268,-73.89294,Entire home/apt,68
13280099,Bronx,40.82909,-73.92249,Entire home/apt,95
13294137,Bronx,40.87938,-73.86349,Entire home/apt,500
13315967,Bronx,40.808840000000004,-73.9302,Entire home/apt,139
13326731,Bronx,40.80872,-73.93051,Private room,49
13327345,Bronx,40.80952,-73.93025,Private room,41
13335424,Bronx,40.84559,-73.89815,Private room,41
13348000,Bronx,40.83166,-73.81747,Entire home/apt,89
13359647,Bronx,40.85927,-73.90142,Private room,40
13415925,Bronx,40.83041,-73.91838,Entire home/apt,75
13417723,Bronx,40.8357,-73.91023,Entire home/apt,110
13430458,Bronx,40.80842,-73.93136,Private room,33
13431664,Bronx,40.81937,-73.90978,Private room,45
13436258,Bronx,40.81949,-73.92913,Entire home/apt,99
13480134,Bronx,40.82716,-73.89911,Private room,30
13507677,Bronx,40.82412,-73.90266,Entire home/apt,350
13508567,Bronx,40.86048,-73.91181,Entire home/apt,120
13530166,Bronx,40.82162,-73.92698,Private room,50
13669391,Bronx,40.89984,-73.86902,Entire home/apt,85
13688739,Bronx,40.85859,-73.89571,Entire home/apt,65
13698623,Bronx,40.82296,-73.91429,Private room,42
13720750,Bronx,40.8355,-73.83729,Entire home/apt,71
13766690,Bronx,40.82948,-73.92364,Private room,82
13864221,Bronx,40.86066,-73.85414,Private room,50
13864705,Bronx,40.8947,-73.85601,Private room,52
13920551,Bronx,40.83736,-73.92318,Private room,22
13961015,Bronx,40.86853,-73.88301,Entire home/apt,120
14042426,Bronx,40.88393,-73.90639,Private room,50
14139187,Bronx,40.82148,-73.89122,Private room,60
14231606,Bronx,40.84166,-73.86818,Entire home/apt,425
14255485,Bronx,40.84277,-73.92588,Entire home/apt,76
14301951,Bronx,40.81998,-73.90325,Private room,75
14340165,Bronx,40.81587,-73.81532,Entire home/apt,175
14351180,Bronx,40.80779,-73.93095,Entire home/apt,110
14375153,Bronx,40.83796,-73.9016,Private room,38
14556236,Bronx,40.88444,-73.90583,Private room,80
14724479,Bronx,40.89581,-73.89778,Private room,59
14917765,Bronx,40.86932,-73.90057,Private room,30
14935151,Bronx,40.83112,-73.87319,Private room,49
14945274,Bronx,40.88985,-73.90747,Private room,85
14994076,Bronx,40.88207,-73.83538,Entire home/apt,299
14995212,Bronx,40.85499,-73.86728,Private room,43
15069131,Bronx,40.82974,-73.92092,Entire home/apt,159
15085230,Bronx,40.85401,-73.86594,Entire home/apt,76
15100883,Bronx,40.86533,-73.89713,Private room,40
15259634,Bronx,40.90175,-73.89761,Private room,77
15273936,Bronx,40.88253,-73.86951,Private room,68
15301748,Bronx,40.85585,-73.86486,Private room,40
15307603,Bronx,40.85236,-73.86632,Private room,35
15336596,Bronx,40.8722,-73.87607,Private room,50
15345313,Bronx,40.81658,-73.88889,Private room,59
15453985,Bronx,40.81201,-73.90823,Entire home/apt,100
15461512,Bronx,40.88283,-73.89326,Private room,60
15510279,Bronx,40.81072,-73.92349,Entire home/apt,120
15576821,Bronx,40.86663,-73.84139,Private room,35
15648096,Bronx,40.83844,-73.92489,Entire home/apt,75
15713669,Bronx,40.89121,-73.85131,Entire home/apt,79
15754561,Bronx,40.82006,-73.90332,Private room,80
15845669,Bronx,40.88297,-73.90727,Entire home/apt,105
15916709,Bronx,40.87529,-73.8762,Private room,40
15926876,Bronx,40.88546,-73.90526,Private room,55
16056317,Bronx,40.85018,-73.9167,Private room,55
16058082,Bronx,40.84862,-73.92412,Private room,75
16148036,Bronx,40.85711,-73.86474,Private room,45
16149186,Bronx,40.89743,-73.86983,Private room,68
16162933,Bronx,40.82286,-73.84765,Entire home/apt,86
16186828,Bronx,40.86352,-73.90503,Private room,80
16195143,Bronx,40.86914,-73.8951,Private room,79
16273526,Bronx,40.87372,-73.88625,Private room,60
16276294,Bronx,40.88467,-73.90575,Private room,30
16287895,Bronx,40.87583,-73.87737,Private room,125
16333541,Bronx,40.90154,-73.89791,Entire home/apt,125
16336636,Bronx,40.86605,-73.90694,Entire home/apt,47
16337106,Bronx,40.87093,-73.8934,Private room,58
16351193,Bronx,40.86909,-73.89396,Private room,55
16366928,Bronx,40.81841,-73.89067,Private room,45
16381393,Bronx,40.82388,-73.9279,Private room,60
16381905,Bronx,40.82415,-73.92778,Private room,50
16407427,Bronx,40.82441,-73.89454,Private room,50
16425205,Bronx,40.84012,-73.86521,Private room,40
16428383,Bronx,40.89279,-73.89946,Entire home/apt,135
16442834,Bronx,40.86084,-73.90288,Entire home/apt,110
16476956,Bronx,40.80743,-73.92971,Entire home/apt,115
16506121,Bronx,40.8179,-73.91456,Private room,100
16507804,Bronx,40.83248,-73.83203,Private room,46
16511493,Bronx,40.87692,-73.87427,Entire home/apt,130
16555274,Bronx,40.8262,-73.92557,Entire home/apt,150
16591428,Bronx,40.85188,-73.90321,Entire home/apt,60
16739146,Bronx,40.85318,-73.90204,Entire home/apt,71
16764130,Bronx,40.8115,-73.9258,Entire home/apt,80
16771876,Bronx,40.82987,-73.86608,Entire home/apt,60
16777456,Bronx,40.84906,-73.85418,Private room,73
16781601,Bronx,40.8562,-73.90899,Private room,43
16814382,Bronx,40.87035,-73.89335,Private room,79
16814803,Bronx,40.86925,-73.89534,Private room,60
16892955,Bronx,40.87924,-73.89791,Entire home/apt,84
16944820,Bronx,40.82692,-73.92183,Private room,45
17044854,Bronx,40.85615,-73.90077,Private room,34
17045488,Bronx,40.87031,-73.89322,Private room,79
17045788,Bronx,40.86917,-73.89465,Private room,60
17076735,Bronx,40.86673,-73.845,Entire home/apt,119
17095035,Bronx,40.86686,-73.84207,Private room,35
17142987,Bronx,40.84752,-73.82797,Entire home/apt,89
17242854,Bronx,40.83243,-73.92035,Private room,40
17367187,Bronx,40.83173,-73.92824,Private room,75
17475107,Bronx,40.84034,-73.83007,Shared room,20
17529164,Bronx,40.85929,-73.90048,Private room,45
17545123,Bronx,40.81632,-73.90991,Entire home/apt,130
17583983,Bronx,40.87094,-73.89386,Private room,79
17664413,Bronx,40.88438,-73.86397,Private room,125
17730939,Bronx,40.86437,-73.83863,Private room,43
17731370,Bronx,40.84565,-73.91684,Entire home/apt,80
17842111,Bronx,40.8781,-73.89998,Entire home/apt,99
17853353,Bronx,40.86437,-73.8485,Private room,47
17876530,Bronx,40.86868,-73.85483,Entire home/apt,105
17880254,Bronx,40.8709,-73.89946,Shared room,60
17899730,Bronx,40.84546,-73.89013,Entire home/apt,150
17959888,Bronx,40.81034,-73.93166,Shared room,165
17971100,Bronx,40.81234,-73.91688,Private room,42
17972013,Bronx,40.81387,-73.91553,Private room,42
17975664,Bronx,40.88534,-73.83434,Private room,75
17981267,Bronx,40.82097,-73.92739,Entire home/apt,145
18006003,Bronx,40.85311,-73.88763,Private room,29
18048473,Bronx,40.81217,-73.91777,Private room,41
18078720,Bronx,40.88364,-73.83561,Private room,70
18207319,Bronx,40.8134,-73.89893000000001,Private room,75
18229365,Bronx,40.84499,-73.91157,Entire home/apt,60
18240632,Bronx,40.87372,-73.84065,Private room,75
18375815,Bronx,40.84647,-73.89299,Private room,38
18377036,Bronx,40.85487,-73.91391,Private room,53
18402330,Bronx,40.82942,-73.87564,Private room,60
18402568,Bronx,40.83081,-73.87587,Private room,45
18442048,Bronx,40.86718,-73.86235,Private room,33
18448516,Bronx,40.84992,-73.90346,Private room,50
18508209,Bronx,40.83018,-73.83413,Private room,42
18508470,Bronx,40.83117,-73.87566,Private room,43
18540170,Bronx,40.84289,-73.92688,Private room,100
18546787,Bronx,40.81406,-73.88997,Private room,65
18550867,Bronx,40.85878,-73.83402,Entire home/apt,199
18564694,Bronx,40.8298,-73.87715,Private room,40
18584742,Bronx,40.84111,-73.92513,Private room,80
18615054,Bronx,40.83159,-73.83375,Private room,40
18635370,Bronx,40.91169,-73.90564,Private room,50
18685854,Bronx,40.87192,-73.84676,Private room,60
18690466,Bronx,40.84594,-73.89358,Private room,45
18702075,Bronx,40.87309,-73.86326,Private room,60
18721209,Bronx,40.88702,-73.86575,Private room,60
18734427,Bronx,40.87315,-73.87925,Private room,65
18795447,Bronx,40.84473,-73.91175,Private room,55
18852048,Bronx,40.85961,-73.86361,Private room,49
18852919,Bronx,40.87063,-73.84896,Private room,70
18872858,Bronx,40.87188,-73.842,Entire home/apt,75
18894445,Bronx,40.85152,-73.90374,Entire home/apt,48
18897901,Bronx,40.86707,-73.90712,Private room,55
18914730,Bronx,40.83051,-73.82511,Entire home/apt,95
18984088,Bronx,40.87271,-73.89972,Private room,60
18988028,Bronx,40.85484,-73.90646,Private room,60
18992796,Bronx,40.85624,-73.90946,Private room,40
19038705,Bronx,40.80652,-73.85312,Entire home/apt,350
19054683,Bronx,40.90281,-73.85201,Entire home/apt,28
19081224,Bronx,40.85168,-73.86659,Entire home/apt,100
19111261,Bronx,40.8229,-73.90295,Entire home/apt,100
19119686,Bronx,40.82964,-73.92882,Private room,60
19181398,Bronx,40.81023,-73.91926,Private room,70
19264368,Bronx,40.8329,-73.89608,Private room,60
19295941,Bronx,40.85771,-73.90899,Private room,40
19326306,Bronx,40.81227,-73.88871,Private room,37
19359445,Bronx,40.90391,-73.85312,Entire home/apt,120
19430239,Bronx,40.88249,-73.86274,Private room,50
19460218,Bronx,40.83855,-73.83167,Entire home/apt,85
19527492,Bronx,40.83625,-73.91079,Entire home/apt,127
19530518,Bronx,40.83083,-73.91928,Private room,62
19588726,Bronx,40.86729,-73.89046,Private room,75
19593009,Bronx,40.8774,-73.87537,Private room,29
19655186,Bronx,40.82153,-73.92683,Entire home/apt,140
19659874,Bronx,40.81133,-73.92356,Entire home/apt,100
19661733,Bronx,40.85152,-73.86121,Private room,39
19682018,Bronx,40.89785,-73.86977,Shared room,70
19698169,Bronx,40.88671,-73.9151,Private room,2500
19718634,Bronx,40.83561,-73.91108,Entire home/apt,58
19743272,Bronx,40.85167,-73.92144,Private room,50
19758402,Bronx,40.85306,-73.78948,Entire home/apt,85
19760163,Bronx,40.84932,-73.85883,Private room,35
19786465,Bronx,40.81699,-73.86741,Private room,80
19789620,Bronx,40.87896,-73.90674,Private room,75
19823964,Bronx,40.85961,-73.89031,Shared room,110
19843731,Bronx,40.82164,-73.90163,Private room,65
19867930,Bronx,40.83914,-73.78158,Private room,80
19877706,Bronx,40.83507,-73.9104,Entire home/apt,72
19886609,Bronx,40.84024,-73.85836,Private room,45
19925397,Bronx,40.84899,-73.90375,Entire home/apt,250
19974905,Bronx,40.83805,-73.85867,Shared room,26
19999527,Bronx,40.83384,-73.8863,Private room,65
20014072,Bronx,40.85145,-73.86129,Private room,29
20124372,Bronx,40.81005,-73.91977,Private room,40
20133468,Bronx,40.83336,-73.88636,Private room,75
20149318,Bronx,40.85527,-73.86719,Private room,35
20171599,Bronx,40.83758,-73.84382,Entire home/apt,72
20176000,Bronx,40.88032,-73.85877,Private room,45
20232745,Bronx,40.85634,-73.86633,Private room,45
20235591,Bronx,40.90734,-73.90137,Private room,119
20308615,Bronx,40.82406,-73.8934,Entire home/apt,155
20316497,Bronx,40.88667,-73.91494,Private room,600
20330081,Bronx,40.88515,-73.91411,Shared room,800
20333471,Bronx,40.83296,-73.88668,Private room,0
20385467,Bronx,40.8372,-73.84345,Entire home/apt,70
20395608,Bronx,40.83243,-73.88608,Private room,55
20435714,Bronx,40.88304,-73.88278,Entire home/apt,58
20437233,Bronx,40.83556,-73.91098,Private room,70
20454481,Bronx,40.88165,-73.90633,Entire home/apt,100
20480983,Bronx,40.81941,-73.92762,Entire home/apt,69
20541715,Bronx,40.85031,-73.90102,Entire home/apt,105
20567374,Bronx,40.88883,-73.90046,Entire home/apt,175
20581430,Bronx,40.85217,-73.90239,Entire home/apt,100
20581823,Bronx,40.89756,-73.85639,Private room,50
20588184,Bronx,40.83206,-73.91969,Shared room,60
20659193,Bronx,40.88698,-73.86049,Private room,35
20685952,Bronx,40.83121,-73.8483,Entire home/apt,450
20686134,Bronx,40.84711,-73.83039,Entire home/apt,80
20690341,Bronx,40.82627,-73.90803,Private room,65
20692159,Bronx,40.85657,-73.90915,Private room,55
20702398,Bronx,40.84964,-73.78717,Private room,50
20772071,Bronx,40.84101,-73.92626,Private room,62
20772204,Bronx,40.89811,-73.85543,Private room,55
20773084,Bronx,40.84184,-73.92535,Private room,42
20773149,Bronx,40.84103,-73.92701,Private room,42
20783768,Bronx,40.89685,-73.85382,Shared room,55
20801864,Bronx,40.81645,-73.86355,Private room,40
20802874,Bronx,40.83257,-73.91245,Shared room,45
20817614,Bronx,40.85751,-73.90805,Private room,45
20830442,Bronx,40.835,-73.91114,Private room,60
20832523,Bronx,40.83497,-73.9189,Private room,35
20849101,Bronx,40.90356,-73.84172,Private room,59
20862947,Bronx,40.82638,-73.92225,Private room,55
20904409,Bronx,40.86144,-73.86427,Entire home/apt,79
20960110,Bronx,40.85362,-73.8896,Entire home/apt,140
20998265,Bronx,40.82453,-73.92563,Private room,60
21000540,Bronx,40.81553,-73.92453,Entire home/apt,120
21006709,Bronx,40.84038,-73.85662,Entire home/apt,65
21020862,Bronx,40.88192,-73.86186000000001,Private room,60
21044649,Bronx,40.87759,-73.88459,Private room,42
21045324,Bronx,40.85444,-73.88462,Private room,30
21090094,Bronx,40.86506,-73.84295,Entire home/apt,40
21110331,Bronx,40.80762,-73.92454,Entire home/apt,115
21121438,Bronx,40.86924,-73.90651,Private room,40
21122874,Bronx,40.83408,-73.87419,Private room,28
21156632,Bronx,40.83439,-73.8585,Private room,300
21172187,Bronx,40.83555,-73.8757,Private room,25
21250819,Bronx,40.85632,-73.88631,Private room,35
21266924,Bronx,40.8459,-73.91558,Private room,77
21314250,Bronx,40.85579,-73.88512,Private room,29
21321503,Bronx,40.87666,-73.90034,Entire home/apt,149
21357642,Bronx,40.82706,-73.91779,Private room,80
21366806,Bronx,40.85456,-73.88521,Private room,29
21369232,Bronx,40.82407,-73.8614,Private room,49
21394750,Bronx,40.8568,-73.9149,Entire home/apt,175
21405904,Bronx,40.81728,-73.86343,Private room,40
21406998,Bronx,40.87847,-73.90268,Private room,80
21413889,Bronx,40.80889,-73.92028,Entire home/apt,125
21485695,Bronx,40.82276,-73.92682,Entire home/apt,114
21491460,Bronx,40.82251,-73.91125,Private room,60
21520497,Bronx,40.82995,-73.90342,Entire home/apt,50
21541783,Bronx,40.82245,-73.90875,Entire home/apt,110
21602731,Bronx,40.89215,-73.83351,Entire home/apt,75
21609824,Bronx,40.83079,-73.8815,Private room,50
21612193,Bronx,40.8118,-73.92263,Private room,54
21716772,Bronx,40.88302,-73.90899,Private room,70
21739805,Bronx,40.88688,-73.84789,Private room,70
21765895,Bronx,40.81039,-73.92478,Private room,73
21778446,Bronx,40.84607,-73.83842,Entire home/apt,99
21789289,Bronx,40.83067,-73.88024,Private room,35
21811663,Bronx,40.86264,-73.84854,Entire home/apt,62
21830694,Bronx,40.85973,-73.86699,Entire home/apt,70
21897845,Bronx,40.86706,-73.84674,Private room,40
21959695,Bronx,40.82739,-73.88176,Entire home/apt,50
21960659,Bronx,40.8739,-73.90364,Private room,69
21963428,Bronx,40.80024,-73.91422,Private room,49
22034977,Bronx,40.82668,-73.8822,Entire home/apt,50
22042837,Bronx,40.84572,-73.91023,Private room,39
22054258,Bronx,40.82496,-73.91389,Private room,45
22086968,Bronx,40.84279,-73.86527,Entire home/apt,100
22087093,Bronx,40.88447,-73.90157,Private room,55
22088409,Bronx,40.87491,-73.87575,Private room,87
22125138,Bronx,40.85828,-73.88559,Private room,30
22151798,Bronx,40.81037,-73.91946,Entire home/apt,65
22179180,Bronx,40.8785,-73.86347,Entire home/apt,200
22238046,Bronx,40.83314,-73.91708,Private room,38
22260561,Bronx,40.86674,-73.89284,Private room,30
22266609,Bronx,40.80726,-73.92999,Private room,50
22305797,Bronx,40.87504,-73.88476,Private room,200
22336423,Bronx,40.82441,-73.90361,Private room,125
22373128,Bronx,40.87446,-73.87453,Private room,187
22387260,Bronx,40.83373,-73.91147,Entire home/apt,140
22400368,Bronx,40.823,-73.90859,Entire home/apt,60
22454537,Bronx,40.85702,-73.83697,Private room,300
22494825,Bronx,40.80986,-73.9214,Entire home/apt,140
22510506,Bronx,40.87396,-73.87785,Private room,26
22544160,Bronx,40.86665,-73.8954,Entire home/apt,80
22545840,Bronx,40.85419,-73.89827,Private room,40
22561496,Bronx,40.88435,-73.90305,Entire home/apt,145
22653378,Bronx,40.81943,-73.90224,Private room,80
22706231,Bronx,40.81961,-73.90019,Entire home/apt,40
22714327,Bronx,40.81978,-73.88743,Private room,45
22771871,Bronx,40.80906,-73.92031,Entire home/apt,150
22794719,Bronx,40.88007,-73.87326,Private room,50
22848359,Bronx,40.86664,-73.89844,Private room,70
23018280,Bronx,40.85407,-73.83264,Entire home/apt,69
23026346,Bronx,40.84934,-73.83345,Entire home/apt,119
23038520,Bronx,40.85929,-73.84229,Entire home/apt,60
23097802,Bronx,40.87906,-73.85987,Private room,35
23100862,Bronx,40.88049,-73.8613,Private room,41
23102299,Bronx,40.8805,-73.86178,Private room,45
23105516,Bronx,40.8987,-73.86389,Private room,29
23116453,Bronx,40.8273,-73.88906,Private room,37
23120142,Bronx,40.84882,-73.90263,Private room,80
23124338,Bronx,40.85662,-73.89797,Private room,65
23139647,Bronx,40.86578,-73.86534,Entire home/apt,250
23164537,Bronx,40.84718,-73.91378,Shared room,20
23236828,Bronx,40.83168,-73.91977,Private room,47
23254023,Bronx,40.8315,-73.92047,Private room,54
23285672,Bronx,40.86918,-73.8905,Private room,34
23307503,Bronx,40.85655,-73.90377,Private room,73
23469535,Bronx,40.843,-73.84806,Private room,65
23513769,Bronx,40.83452,-73.93143,Private room,80
23514938,Bronx,40.83593,-73.93004,Private room,80
23545346,Bronx,40.87993,-73.87195,Private room,50
23597076,Bronx,40.87021,-73.86095,Entire home/apt,85
23612811,Bronx,40.86737,-73.89415,Private room,47
23613688,Bronx,40.83604,-73.93099,Entire home/apt,240
23666777,Bronx,40.89873,-73.86449,Private room,34
23669006,Bronx,40.88316,-73.91151,Entire home/apt,360
23670513,Bronx,40.88455,-73.86587,Shared room,26
23712143,Bronx,40.82434,-73.91377,Private room,40
23744762,Bronx,40.83086,-73.92025,Private room,57
23761645,Bronx,40.89691,-73.85121,Entire home/apt,69
23761707,Bronx,40.83218,-73.91951,Private room,47
23859280,Bronx,40.87257,-73.90090000000001,Private room,65
23859490,Bronx,40.87287,-73.90157,Private room,65
23879304,Bronx,40.85989,-73.91189,Private room,60
23906042,Bronx,40.84857,-73.85976,Entire home/apt,190
23952724,Bronx,40.82434,-73.88705,Private room,44
24042844,Bronx,40.80863,-73.92121,Private room,50
24086704,Bronx,40.88004,-73.9,Private room,79
24115562,Bronx,40.86615,-73.84185,Private room,35
24118031,Bronx,40.81952,-73.92844,Entire home/apt,95
24122725,Bronx,40.86286,-73.9024,Private room,35
24137323,Bronx,40.83252,-73.89811,Private room,40
24231655,Bronx,40.84197,-73.91292,Private room,25
24287367,Bronx,40.83216,-73.91598,Private room,70
24305252,Bronx,40.87997,-73.90035,Private room,65
24305977,Bronx,40.88068,-73.90012,Private room,79
24313701,Bronx,40.89641,-73.85077,Entire home/apt,88
24421357,Bronx,40.83139,-73.90166,Private room,23
24512493,Bronx,40.84367,-73.84911,Private room,65
24594184,Bronx,40.81011,-73.92166,Entire home/apt,125
24601752,Bronx,40.88634,-73.83431,Private room,75
24670583,Bronx,40.81862,-73.8791,Shared room,40
24676554,Bronx,40.87816,-73.87213,Entire home/apt,125
24695406,Bronx,40.88764,-73.8558,Entire home/apt,100
24732974,Bronx,40.84059,-73.92156,Entire home/apt,150
24774169,Bronx,40.88764,-73.90449,Private room,50
24793502,Bronx,40.82601,-73.81907,Private room,50
24806106,Bronx,40.81437,-73.82774,Entire home/apt,74
24821651,Bronx,40.86778,-73.85491,Private room,45
24843435,Bronx,40.82696,-73.81927,Private room,40
24886110,Bronx,40.83088,-73.92779,Entire home/apt,103
24991133,Bronx,40.83413,-73.92918,Private room,50
25002172,Bronx,40.8801,-73.89709,Private room,46
25004276,Bronx,40.83688,-73.85584,Private room,80
25031387,Bronx,40.88485,-73.89756,Entire home/apt,399
25082230,Bronx,40.83022,-73.83286,Private room,90
25227782,Bronx,40.82617,-73.82073,Private room,74
25255024,Bronx,40.86681,-73.84073,Entire home/apt,86
25287115,Bronx,40.87579,-73.86532,Private room,33
25296394,Bronx,40.85519,-73.82932,Entire home/apt,195
25315154,Bronx,40.86273,-73.83715,Entire home/apt,80
25323809,Bronx,40.87901,-73.90155,Private room,45
25354678,Bronx,40.89124,-73.83423,Entire home/apt,149
25407116,Bronx,40.8156,-73.90075,Entire home/apt,60
25475944,Bronx,40.81668,-73.89988,Private room,35
25476838,Bronx,40.90329,-73.89991,Entire home/apt,105
25480539,Bronx,40.83464,-73.92505,Private room,70
25484515,Bronx,40.8901,-73.84031,Private room,125
25518394,Bronx,40.85548,-73.85585,Entire home/apt,125
25616450,Bronx,40.82936,-73.90867,Entire home/apt,150
25618799,Bronx,40.87077,-73.8817,Shared room,33
25815620,Bronx,40.84787,-73.86177,Entire home/apt,107
25816034,Bronx,40.84778,-73.86146,Entire home/apt,150
25833266,Bronx,40.84346,-73.91151,Private room,35
25885278,Bronx,40.82257,-73.83773,Entire home/apt,100
25909160,Bronx,40.85801,-73.88247,Private room,21
25918623,Bronx,40.8084,-73.92037,Entire home/apt,115
25996748,Bronx,40.88058,-73.90552,Entire home/apt,85
26003692,Bronx,40.88723,-73.86351,Private room,45
26004876,Bronx,40.86259,-73.90359,Private room,65
26077493,Bronx,40.86113,-73.91511,Entire home/apt,100
26119170,Bronx,40.85104,-73.78573,Entire home/apt,110
26136978,Bronx,40.82848,-73.85466,Entire home/apt,85
26137379,Bronx,40.83193,-73.92223,Private room,40
26137778,Bronx,40.89374,-73.85579,Private room,60
26142708,Bronx,40.82753,-73.92463,Private room,200
26147702,Bronx,40.82714,-73.92528,Private room,200
26190785,Bronx,40.85609,-73.88391,Private room,30
26255080,Bronx,40.8616,-73.86227,Entire home/apt,142
26304871,Bronx,40.85456,-73.86921,Entire home/apt,79
26327970,Bronx,40.84879,-73.78987,Entire home/apt,125
26473581,Bronx,40.86255,-73.90669,Private room,80
26516462,Bronx,40.81309,-73.85367,Private room,70
26518547,Bronx,40.81225,-73.85502,Private room,80
26552340,Bronx,40.85978,-73.8619,Private room,142
26554732,Bronx,40.86017,-73.86198,Private room,142
26558970,Bronx,40.86239,-73.84362,Entire home/apt,99
26559892,Bronx,40.86014,-73.86301,Private room,142
26560264,Bronx,40.86013,-73.86339,Private room,142
26571486,Bronx,40.84835,-73.9141,Entire home/apt,149
26604446,Bronx,40.84171,-73.91159,Private room,150
26639925,Bronx,40.83791,-73.85845,Private room,26
26640231,Bronx,40.81639,-73.81954,Private room,60
26655705,Bronx,40.86153,-73.83656,Entire home/apt,102
26744053,Bronx,40.86659,-73.866,Private room,34
26766865,Bronx,40.8612,-73.91065,Entire home/apt,150
26777948,Bronx,40.89245,-73.83721,Entire home/apt,42
26802868,Bronx,40.82823,-73.90114,Private room,150
26810987,Bronx,40.81518,-73.84758,Entire home/apt,62
26866997,Bronx,40.83224,-73.92068,Private room,38
26893530,Bronx,40.83285,-73.92158,Private room,45
26957426,Bronx,40.83201,-73.89996,Entire home/apt,140
26996408,Bronx,40.8212,-73.92859,Entire home/apt,80
27016931,Bronx,40.85322,-73.85144,Private room,75
27086130,Bronx,40.8859,-73.83517,Entire home/apt,95
27135927,Bronx,40.82855,-73.91856,Private room,47
27203333,Bronx,40.82445,-73.90341,Private room,90
27227103,Bronx,40.89382,-73.84844,Entire home/apt,75
27262079,Bronx,40.81192,-73.91781,Entire home/apt,132
27293665,Bronx,40.88878,-73.86349,Private room,60
27316669,Bronx,40.83454,-73.92751,Private room,10
27336179,Bronx,40.81822,-73.90812,Private room,35
27343189,Bronx,40.87015,-73.85582,Entire home/apt,75
27366041,Bronx,40.86299,-73.89088,Private room,75
27405246,Bronx,40.81872,-73.90014,Entire home/apt,75
27526997,Bronx,40.88017,-73.83574,Entire home/apt,475
27539706,Bronx,40.83658,-73.86181,Private room,55
27546831,Bronx,40.88445,-73.89663,Private room,50
27638567,Bronx,40.82972,-73.84957,Private room,60
27660427,Bronx,40.863,-73.90661,Private room,80
27677869,Bronx,40.82248,-73.89915,Private room,50
27703561,Bronx,40.8358,-73.85833,Shared room,65
27706786,Bronx,40.88354,-73.89061,Private room,85
27724217,Bronx,40.87886,-73.84301,Private room,69
27756639,Bronx,40.8773,-73.84329,Private room,53
27760799,Bronx,40.8546,-73.86785,Private room,50
27782761,Bronx,40.83581,-73.85864,Private room,65
27808723,Bronx,40.83148,-73.82931,Private room,65
27817851,Bronx,40.82952,-73.82818,Private room,140
27851725,Bronx,40.87633,-73.88328,Private room,45
27852017,Bronx,40.84633,-73.83029,Private room,80
27921952,Bronx,40.88563,-73.85975,Private room,50
27924639,Bronx,40.87135,-73.85736,Entire home/apt,145
27952742,Bronx,40.83729,-73.83323,Private room,69
28046788,Bronx,40.88271,-73.83217,Private room,50
28068963,Bronx,40.87675,-73.86372,Entire home/apt,280
28082095,Bronx,40.80769,-73.91617,Entire home/apt,130
28084536,Bronx,40.83703,-73.91643,Private room,40
28101926,Bronx,40.80644,-73.8518,Private room,48
28111213,Bronx,40.8106,-73.91667,Private room,68
28172338,Bronx,40.83659,-73.91777,Private room,40
28206135,Bronx,40.85409,-73.85032,Private room,50
28206177,Bronx,40.85361,-73.85018,Private room,85
28213718,Bronx,40.85287,-73.88536,Private room,100
28250448,Bronx,40.82145,-73.92856,Entire home/apt,102
28277212,Bronx,40.81161,-73.90513,Private room,35
28291704,Bronx,40.8102,-73.93147,Shared room,28
28309976,Bronx,40.84184,-73.84967,Private room,28
28335929,Bronx,40.80952,-73.93005,Shared room,28
28338004,Bronx,40.80994,-73.93061,Shared room,28
28338131,Bronx,40.80977,-73.93038,Shared room,28
28346829,Bronx,40.81072,-73.92031,Private room,55
28369910,Bronx,40.85536,-73.90242,Shared room,55
28433202,Bronx,40.88688,-73.85848,Private room,37
28462811,Bronx,40.82228,-73.92783,Private room,45
28464767,Bronx,40.83088,-73.86492,Private room,42
28466730,Bronx,40.85267,-73.88627,Private room,50
28506595,Bronx,40.81232,-73.90299,Private room,100
28509709,Bronx,40.83739,-73.91118,Private room,26
28522394,Bronx,40.83988,-73.86978,Entire home/apt,300
28567040,Bronx,40.85362,-73.85011,Private room,65
28574888,Bronx,40.85105,-73.86049,Entire home/apt,60
28608063,Bronx,40.82718,-73.90241,Entire home/apt,90
28613110,Bronx,40.8289,-73.86219,Entire home/apt,87
28642074,Bronx,40.8878,-73.85372,Private room,47
28692232,Bronx,40.89399,-73.84279,Private room,65
28762085,Bronx,40.83413,-73.91669,Private room,35
28810799,Bronx,40.85661,-73.85281,Shared room,40
28835184,Bronx,40.88805,-73.83248,Entire home/apt,90
28841361,Bronx,40.83285,-73.8879,Entire home/apt,60
28867880,Bronx,40.85324,-73.92143,Private room,240
28872377,Bronx,40.81377,-73.88933,Private room,40
28911830,Bronx,40.8546,-73.83026,Entire home/apt,299
28911848,Bronx,40.85413,-73.83065,Entire home/apt,125
28916312,Bronx,40.86777,-73.88397,Private room,90
28940025,Bronx,40.84802,-73.78963,Entire home/apt,84
28941589,Bronx,40.87704,-73.86276,Entire home/apt,80
28959854,Bronx,40.89502,-73.85071,Entire home/apt,75
28963068,Bronx,40.80861,-73.93015,Entire home/apt,100
28966945,Bronx,40.84084,-73.92178,Private room,48
28985543,Bronx,40.84605,-73.8493,Entire home/apt,39
28989889,Bronx,40.85336,-73.88549,Private room,65
29028761,Bronx,40.81322,-73.91696,Private room,42
29034190,Bronx,40.87072,-73.89974,Private room,65
29037141,Bronx,40.83144,-73.86639,Private room,38
29037483,Bronx,40.81017,-73.92266,Private room,79
29039647,Bronx,40.80958,-73.91895,Private room,120
29051948,Bronx,40.81102,-73.92778,Entire home/apt,81
29081056,Bronx,40.88453,-73.86273,Private room,80
29101938,Bronx,40.89385,-73.8448,Entire home/apt,80
29105910,Bronx,40.85791,-73.89528,Private room,39
29117643,Bronx,40.85765,-73.90351,Private room,48
29167257,Bronx,40.82132,-73.92884,Entire home/apt,100
29205007,Bronx,40.87448,-73.87412,Entire home/apt,200
29287113,Bronx,40.81819,-73.88653,Entire home/apt,150
29334063,Bronx,40.85449,-73.88437,Private room,100
29340345,Bronx,40.80504,-73.85327,Private room,300
29341038,Bronx,40.82598,-73.85203,Private room,90
29390506,Bronx,40.89753,-73.87359000000001,Private room,50
29401472,Bronx,40.83007,-73.92251,Private room,45
29559309,Bronx,40.83217,-73.93148,Private room,45
29614580,Bronx,40.87831,-73.86511,Entire home/apt,350
29653333,Bronx,40.82773,-73.92308,Private room,100
29674940,Bronx,40.86923,-73.86275,Entire home/apt,90
29712188,Bronx,40.885,-73.83518,Private room,75
29730616,Bronx,40.81177,-73.92726,Private room,60
29800664,Bronx,40.8114,-73.92747,Private room,60
29800915,Bronx,40.86116,-73.86248,Entire home/apt,55
29801175,Bronx,40.81,-73.92654,Private room,65
29858182,Bronx,40.89429,-73.84392,Private room,49
29858941,Bronx,40.894,-73.84362,Entire home/apt,130
29876453,Bronx,40.88071,-73.92074,Private room,60
29884848,Bronx,40.85504,-73.88394,Private room,24
29905117,Bronx,40.83213,-73.90736,Private room,50
29906233,Bronx,40.83872,-73.87149,Shared room,45
29936587,Bronx,40.81167,-73.92729,Private room,55
29962755,Bronx,40.87,-73.90129,Private room,39
29966192,Bronx,40.84391,-73.83171,Entire home/apt,99
29966943,Bronx,40.8689,-73.88552,Entire home/apt,98
29991534,Bronx,40.87064,-73.8797,Private room,60
30021914,Bronx,40.86279,-73.83947,Entire home/apt,87
30089600,Bronx,40.88511,-73.90831,Entire home/apt,175
30109916,Bronx,40.86975,-73.84669,Entire home/apt,75
30120067,Bronx,40.89466,-73.89735,Shared room,50
30130572,Bronx,40.83499,-73.91003,Private room,75
30153367,Bronx,40.83488,-73.91988,Private room,45
30153699,Bronx,40.80747,-73.92766,Private room,145
30225205,Bronx,40.86757,-73.8649,Private room,60
30226474,Bronx,40.85056,-73.78829,Private room,65
30253236,Bronx,40.84378,-73.84469,Entire home/apt,670
30314964,Bronx,40.87821,-73.86354,Entire home/apt,85
30326645,Bronx,40.88229,-73.84295,Private room,80
30340171,Bronx,40.87684,-73.86389,Entire home/apt,120
30348636,Bronx,40.86698,-73.85178,Private room,35
30449111,Bronx,40.83513,-73.91797,Private room,99
30523683,Bronx,40.82674,-73.91935,Private room,85
30527526,Bronx,40.85398,-73.86451,Private room,25
30592546,Bronx,40.84289,-73.88773,Entire home/apt,40
30622293,Bronx,40.82507,-73.8204,Private room,45
30712164,Bronx,40.85055,-73.90189,Entire home/apt,69
30823651,Bronx,40.81518,-73.82708,Private room,99
30848952,Bronx,40.83311,-73.9116,Private room,34
30932236,Bronx,40.84145,-73.91027,Entire home/apt,150
30941095,Bronx,40.81389,-73.88914,Private room,70
30942778,Bronx,40.84047,-73.87127,Shared room,20
30948025,Bronx,40.87701,-73.86282,Entire home/apt,200
30948241,Bronx,40.85222,-73.89277,Entire home/apt,299
30965544,Bronx,40.86437,-73.86047,Private room,80
31002413,Bronx,40.88796,-73.90473,Private room,49
31020399,Bronx,40.83942,-73.87518,Entire home/apt,165
31032487,Bronx,40.84119,-73.87049,Shared room,20
31053045,Bronx,40.84087,-73.8699,Shared room,20
31067715,Bronx,40.85214,-73.90294,Entire home/apt,100
31089253,Bronx,40.83026,-73.89102,Entire home/apt,200
31125857,Bronx,40.8296,-73.88971,Private room,125
31144865,Bronx,40.81331,-73.92765,Private room,60
31169585,Bronx,40.81185,-73.91625,Entire home/apt,100
31170814,Bronx,40.85746,-73.79056,Entire home/apt,175
31201815,Bronx,40.81712,-73.9209,Private room,100
31206275,Bronx,40.84613,-73.91668,Entire home/apt,42
31212220,Bronx,40.82306,-73.90821,Entire home/apt,75
31225319,Bronx,40.88179,-73.83455,Private room,75
31236046,Bronx,40.86723,-73.84285,Entire home/apt,67
31267520,Bronx,40.8094,-73.93173,Shared room,28
31295524,Bronx,40.83025,-73.89134,Private room,70
31314329,Bronx,40.8476,-73.90594,Private room,50
31317744,Bronx,40.82433,-73.91619,Entire home/apt,80
31319331,Bronx,40.83651,-73.92269,Entire home/apt,74
31388229,Bronx,40.85387,-73.89384,Entire home/apt,247
31393901,Bronx,40.8461,-73.90883,Private room,30
31428772,Bronx,40.84487,-73.90811,Private room,80
31499813,Bronx,40.81624,-73.9011,Private room,50
31514475,Bronx,40.85589,-73.85825,Private room,85
31543432,Bronx,40.80797,-73.92865,Private room,95
31568673,Bronx,40.88449,-73.86227,Private room,25
31593170,Bronx,40.84555,-73.86787,Private room,50
31593677,Bronx,40.82421,-73.917,Entire home/apt,99
31596199,Bronx,40.86906,-73.88753,Entire home/apt,200
31649210,Bronx,40.82121,-73.87764,Private room,65
31670237,Bronx,40.88009,-73.83456,Private room,68
31670943,Bronx,40.84381,-73.90827,Entire home/apt,80
31759409,Bronx,40.85929,-73.89165,Private room,99
31760941,Bronx,40.81132,-73.92037,Entire home/apt,115
31859909,Bronx,40.86643,-73.88895,Private room,65
31881336,Bronx,40.86566,-73.88748,Private room,65
31896339,Bronx,40.82688,-73.81899,Private room,40
31901835,Bronx,40.89682,-73.84318,Private room,41
31932152,Bronx,40.89702,-73.85723,Entire home/apt,289
31952771,Bronx,40.85646,-73.86813,Private room,50
32062178,Bronx,40.83108,-73.82951,Private room,50
32095668,Bronx,40.87905,-73.85243,Entire home/apt,76
32120380,Bronx,40.85538,-73.91081,Shared room,40
32136644,Bronx,40.88344,-73.90301,Private room,45
32161408,Bronx,40.84994,-73.9066,Entire home/apt,148
32203689,Bronx,40.81098,-73.91814,Entire home/apt,65
32205973,Bronx,40.8154,-73.81551,Entire home/apt,75
32214585,Bronx,40.89156,-73.84197,Private room,65
32222756,Bronx,40.88316,-73.90586,Private room,30
32234982,Bronx,40.80707,-73.92974,Entire home/apt,200
32263166,Bronx,40.8474,-73.89612,Shared room,50
32267833,Bronx,40.83099,-73.86951,Private room,35
32343635,Bronx,40.88805,-73.86451,Private room,65
32364762,Bronx,40.88474,-73.90321,Private room,27
32365337,Bronx,40.82671,-73.90643,Entire home/apt,159
32402674,Bronx,40.81694,-73.89627,Private room,60
32403617,Bronx,40.8149,-73.81545,Entire home/apt,125
32406106,Bronx,40.81894,-73.91418,Private room,49
32414842,Bronx,40.82095,-73.89522,Private room,100
32422767,Bronx,40.89308,-73.85076,Private room,41
32448627,Bronx,40.83619,-73.84916,Private room,52
32461960,Bronx,40.896,-73.89964,Private room,64
32475687,Bronx,40.84321,-73.83129,Entire home/apt,100
32592405,Bronx,40.82236,-73.90227,Private room,75
32595490,Bronx,40.80924,-73.85107,Entire home/apt,95
32611977,Bronx,40.85505,-73.89238,Private room,40
32628641,Bronx,40.81496,-73.92088,Private room,60
32636982,Bronx,40.83485,-73.85954,Entire home/apt,93
32698909,Bronx,40.88999,-73.86008,Private room,75
32713924,Bronx,40.84077,-73.8487,Private room,50
32782675,Bronx,40.87498,-73.85644,Private room,39
32785169,Bronx,40.83988,-73.78287,Private room,95
32789261,Bronx,40.8694,-73.84171,Entire home/apt,101
32790345,Bronx,40.84355,-73.91103,Private room,55
32792015,Bronx,40.85912,-73.89254,Private room,59
32798710,Bronx,40.83757,-73.8353,Private room,62
32799550,Bronx,40.83647,-73.83491,Private room,65
32801214,Bronx,40.8356,-73.83369,Private room,150
32808836,Bronx,40.88542,-73.86169,Private room,140
32813862,Bronx,40.89981,-73.86684,Private room,80
32818383,Bronx,40.89393,-73.8581,Private room,50
32819286,Bronx,40.89604,-73.85877,Private room,50
32860550,Bronx,40.81058,-73.9069,Private room,80
32893569,Bronx,40.80981,-73.92031,Private room,39
32896994,Bronx,40.82398,-73.90894,Shared room,77
32897532,Bronx,40.82575,-73.90993,Private room,80
32898150,Bronx,40.82913,-73.92236,Private room,50
32921617,Bronx,40.82661,-73.8571,Entire home/apt,100
32929439,Bronx,40.80643,-73.92783,Entire home/apt,110
32938308,Bronx,40.8267,-73.85704,Entire home/apt,100
32940382,Bronx,40.81731,-73.89052,Private room,35
32978570,Bronx,40.81724,-73.88878,Private room,60
32982724,Bronx,40.8637,-73.89236,Entire home/apt,107
32989829,Bronx,40.88298,-73.8987,Entire home/apt,90
33005220,Bronx,40.84615,-73.91546,Private room,35
33112368,Bronx,40.8477,-73.90988,Private room,24
33117486,Bronx,40.89768,-73.87363,Entire home/apt,35
33138874,Bronx,40.8265,-73.87045,Entire home/apt,103
33170496,Bronx,40.84342,-73.83929,Entire home/apt,125
33195147,Bronx,40.90484,-73.84489,Private room,120
33214803,Bronx,40.84672,-73.90411,Private room,63
33217402,Bronx,40.89637,-73.8555,Private room,39
33218637,Bronx,40.870400000000004,-73.90559,Private room,100
33303647,Bronx,40.87275,-73.87978,Private room,58
33315073,Bronx,40.83251,-73.91217,Private room,85
33337280,Bronx,40.80771,-73.85204,Private room,46
33363084,Bronx,40.86003,-73.86584,Entire home/apt,60
33366167,Bronx,40.85394,-73.89641,Private room,35
33388360,Bronx,40.86304,-73.84559,Entire home/apt,150
33412533,Bronx,40.8027,-73.91563,Entire home/apt,109
33422954,Bronx,40.84581,-73.8889,Shared room,25
33429651,Bronx,40.8279,-73.90516,Private room,100
33491210,Bronx,40.83758,-73.85804,Private room,47
33491517,Bronx,40.85464,-73.8672,Entire home/apt,75
33505762,Bronx,40.80074,-73.91574,Private room,50
33528562,Bronx,40.88491,-73.85484,Private room,33
33533803,Bronx,40.86313,-73.90183,Shared room,35
33560762,Bronx,40.86255,-73.90059,Private room,42
33571691,Bronx,40.87268,-73.85424,Entire home/apt,100
33588933,Bronx,40.89613,-73.85503,Private room,35
33603476,Bronx,40.80626,-73.85122,Private room,40
33613736,Bronx,40.86615,-73.88828,Private room,60
33653735,Bronx,40.83938,-73.85708,Private room,45
33659082,Bronx,40.87414,-73.88342,Private room,51
33661568,Bronx,40.88171,-73.85384,Entire home/apt,75
33691283,Bronx,40.82639,-73.90517,Entire home/apt,150
33718254,Bronx,40.82864,-73.87609,Private room,45
33746153,Bronx,40.8667,-73.89115,Private room,70
33765725,Bronx,40.86674,-73.8428,Private room,75
33787433,Bronx,40.80143,-73.91353,Entire home/apt,115
33788019,Bronx,40.80273,-73.91519,Entire home/apt,115
33802074,Bronx,40.87724,-73.85047,Private room,56
33803252,Bronx,40.82807,-73.82418,Entire home/apt,80
33853642,Bronx,40.90406,-73.86286,Entire home/apt,65
33854406,Bronx,40.83516,-73.86024,Entire home/apt,85
33884349,Bronx,40.86925,-73.89974,Private room,35
33907325,Bronx,40.83715,-73.83489,Private room,60
33933477,Bronx,40.81338,-73.85821,Entire home/apt,75
33945670,Bronx,40.83959,-73.78587,Private room,100
33963211,Bronx,40.83754,-73.85764,Private room,150
33966122,Bronx,40.890390000000004,-73.83186,Entire home/apt,50
33987446,Bronx,40.82565,-73.91095,Shared room,77
33995462,Bronx,40.85398,-73.88737,Shared room,49
33995764,Bronx,40.8353,-73.85751,Private room,75
34016163,Bronx,40.8716,-73.89177,Entire home/apt,92
34045372,Bronx,40.81865,-73.93014,Entire home/apt,107
34061095,Bronx,40.83908,-73.86042,Entire home/apt,70
34142214,Bronx,40.83197,-73.9212,Private room,45
34157717,Bronx,40.87699,-73.85366,Entire home/apt,87
34180340,Bronx,40.85595,-73.88519,Private room,27
34229869,Bronx,40.86209,-73.84667,Shared room,20
34231746,Bronx,40.81835,-73.91465,Private room,65
34259050,Bronx,40.82654,-73.90516,Private room,27
34259388,Bronx,40.83149,-73.92766,Entire home/apt,70
34284597,Bronx,40.81305,-73.91655,Entire home/apt,120
34313928,Bronx,40.81245,-73.91648,Entire home/apt,120
34334035,Bronx,40.81132,-73.91715,Entire home/apt,145
34343028,Bronx,40.84752,-73.92293,Private room,130
34369607,Bronx,40.81415,-73.88671,Private room,36
34392044,Bronx,40.81258,-73.88566,Private room,40
34399984,Bronx,40.85648,-73.88501,Private room,95
34415817,Bronx,40.81892,-73.8859,Private room,35
34420574,Bronx,40.83792,-73.85526,Entire home/apt,100
34422726,Bronx,40.8439,-73.78792,Private room,29
34433240,Bronx,40.89338,-73.84785,Entire home/apt,309
34444336,Bronx,40.80816,-73.93176,Shared room,28
34444744,Bronx,40.88649,-73.85889,Private room,37
34446898,Bronx,40.80856,-73.93055,Shared room,28
34498925,Bronx,40.86003,-73.89314,Private room,47
34513343,Bronx,40.82756,-73.8871,Private room,70
34530998,Bronx,40.83588,-73.85819,Entire home/apt,69
34544304,Bronx,40.86952,-73.89447,Entire home/apt,223
34547780,Bronx,40.82776,-73.87643,Private room,45
34560998,Bronx,40.83176,-73.9298,Entire home/apt,115
34568807,Bronx,40.819630000000004,-73.90956,Private room,55
34592997,Bronx,40.84353,-73.91108,Private room,43
34629887,Bronx,40.85374,-73.86416,Entire home/apt,70
34643695,Bronx,40.83513,-73.91093,Private room,50
34644152,Bronx,40.83123,-73.82784,Private room,60
34645572,Bronx,40.83144,-73.82791,Private room,60
34654078,Bronx,40.82285,-73.90198,Private room,55
34659522,Bronx,40.83717,-73.85738,Shared room,36
34681488,Bronx,40.87874,-73.84746,Private room,40
34715931,Bronx,40.80852,-73.9306,Shared room,28
34717211,Bronx,40.80869,-73.9317,Shared room,28
34718463,Bronx,40.80996,-73.93172,Shared room,28
34718633,Bronx,40.80838,-73.93091,Shared room,28
34721719,Bronx,40.85368,-73.90172,Private room,75
34723211,Bronx,40.88523,-73.91231,Entire home/apt,90
34749210,Bronx,40.80689,-73.91437,Entire home/apt,100
34753453,Bronx,40.82831,-73.88746,Private room,80
34756976,Bronx,40.85689,-73.9091,Private room,40
34781680,Bronx,40.81795,-73.91178,Shared room,85
34782691,Bronx,40.80868,-73.93015,Shared room,28
34791645,Bronx,40.80858,-73.93164,Shared room,28
34822061,Bronx,40.828,-73.81275,Entire home/apt,100
34848236,Bronx,40.85251,-73.83254,Private room,55
34851748,Bronx,40.82504,-73.90918,Shared room,80
34860549,Bronx,40.82936,-73.84854,Private room,75
34868325,Bronx,40.80464,-73.92575,Entire home/apt,125
34903861,Bronx,40.83616,-73.84638,Entire home/apt,75
34931431,Bronx,40.85413,-73.88387,Private room,55
34940796,Bronx,40.88798,-73.86474,Private room,35
34941479,Bronx,40.86997,-73.84867,Private room,36
34941499,Bronx,40.86958,-73.84872,Private room,38
34941506,Bronx,40.8688,-73.84726,Private room,120
35003048,Bronx,40.8718,-73.87699,Private room,73
35010066,Bronx,40.83207,-73.92068,Private room,42
35033674,Bronx,40.82374,-73.91555,Entire home/apt,59
35035202,Bronx,40.85539,-73.88769,Private room,69
35058541,Bronx,40.81869,-73.82233,Entire home/apt,99
35062211,Bronx,40.89323,-73.85215,Private room,160
35069663,Bronx,40.85743,-73.90233,Shared room,22
35092409,Bronx,40.83894,-73.91158,Private room,34
35131221,Bronx,40.89701,-73.89778,Entire home/apt,109
35165581,Bronx,40.82888,-73.9045,Private room,70
35169758,Bronx,40.80828,-73.9319,Shared room,28
35170169,Bronx,40.83466,-73.90278,Private room,100
35170961,Bronx,40.80844,-73.9316,Shared room,60
35182672,Bronx,40.82788,-73.92604,Entire home/apt,88
35186244,Bronx,40.87846,-73.86311,Entire home/apt,140
35217588,Bronx,40.84268,-73.91007,Private room,40
35232958,Bronx,40.83898,-73.86492,Shared room,55
35237543,Bronx,40.86871,-73.8474,Private room,40
35238986,Bronx,40.89147,-73.84747,Entire home/apt,196
35249458,Bronx,40.82778,-73.91516,Entire home/apt,75
35263825,Bronx,40.81203,-73.90779,Private room,50
35265039,Bronx,40.84607,-73.9071,Private room,55
35315368,Bronx,40.87066,-73.88227,Private room,56
35321064,Bronx,40.86493,-73.90315,Private room,69
35368749,Bronx,40.86093,-73.85185,Entire home/apt,75
35384842,Bronx,40.8703,-73.89313,Entire home/apt,168
35409062,Bronx,40.86066,-73.89883,Private room,149
35428298,Bronx,40.9026,-73.84806,Entire home/apt,288
35454551,Bronx,40.86963,-73.89465,Private room,79
35456139,Bronx,40.87085,-73.89318,Private room,58
35457028,Bronx,40.86947,-73.89389,Private room,55
35457664,Bronx,40.87066,-73.89317,Private room,55
35464959,Bronx,40.8455,-73.86217,Private room,35
35466744,Bronx,40.88452,-73.91065,Entire home/apt,99
35483321,Bronx,40.87256,-73.89978,Entire home/apt,95
35487203,Bronx,40.82794,-73.90412,Private room,45
35496842,Bronx,40.88125,-73.84922,Entire home/apt,85
35499352,Bronx,40.88531,-73.90008,Private room,100
35524274,Bronx,40.84308,-73.90652,Private room,67
35546298,Bronx,40.856,-73.86705,Shared room,57
35566162,Bronx,40.8315,-73.92277,Entire home/apt,60
35577642,Bronx,40.84631,-73.91641,Entire home/apt,150
35584546,Bronx,40.82231,-73.91696,Entire home/apt,69
35597348,Bronx,40.87277,-73.90268,Entire home/apt,95
35601334,Bronx,40.86429,-73.90204,Private room,60
35603512,Bronx,40.80807,-73.92811,Entire home/apt,140
35614155,Bronx,40.81879,-73.88646,Private room,35
35614888,Bronx,40.82759,-73.92081,Private room,65
35648435,Bronx,40.82754,-73.82124,Private room,65
35654798,Bronx,40.84346,-73.90554,Private room,55
35672353,Bronx,40.83351,-73.93033,Private room,65
35678273,Bronx,40.86269,-73.89073,Private room,39
35717460,Bronx,40.83163,-73.93077,Private room,80
35737107,Bronx,40.88587,-73.89865,Private room,80
35800600,Bronx,40.87852,-73.85003,Private room,36
35804587,Bronx,40.87877,-73.85044,Private room,55
35847646,Bronx,40.80855,-73.92948,Entire home/apt,220
35856471,Bronx,40.89198,-73.84779,Entire home/apt,309
35866719,Bronx,40.80146,-73.91673,Private room,125
35877559,Bronx,40.86249,-73.89234,Private room,39
35877681,Bronx,40.86427,-73.89215,Private room,39
35877927,Bronx,40.86294,-73.89242,Entire home/apt,99
35881347,Bronx,40.82964,-73.91833,Private room,53
35891506,Bronx,40.80087,-73.91635,Private room,100
35900132,Bronx,40.82519,-73.90101,Entire home/apt,150
35916310,Bronx,40.91234,-73.89417,Private room,40
35943602,Bronx,40.86143,-73.84556,Entire home/apt,79
35978071,Bronx,40.82101,-73.90919,Entire home/apt,75
35996222,Bronx,40.86886,-73.84915,Entire home/apt,140
36001548,Bronx,40.83671,-73.84677,Private room,75
36037506,Bronx,40.82093,-73.91279,Entire home/apt,125
36040561,Bronx,40.91306,-73.89389,Private room,40
36041232,Bronx,40.91167,-73.89566,Private room,40
36068351,Bronx,40.85247,-73.86418,Entire home/apt,60
36071960,Bronx,40.86143,-73.84573,Entire home/apt,79
36080023,Bronx,40.84218,-73.90969,Entire home/apt,390
36085870,Bronx,40.84037,-73.8998,Private room,122
36108811,Bronx,40.8349,-73.85259,Private room,40
36109691,Bronx,40.90527,-73.89707,Entire home/apt,150
36115183,Bronx,40.85234,-73.82969,Entire home/apt,55
36145564,Bronx,40.87997,-73.90135,Private room,100
36177241,Bronx,40.84443,-73.78497,Entire home/apt,1000
36199090,Bronx,40.84295,-73.78433,Entire home/apt,600
36199363,Bronx,40.88116,-73.86547,Shared room,25
36206788,Bronx,40.81629,-73.90945,Entire home/apt,85
36229225,Bronx,40.80626,-73.92815,Entire home/apt,117
36243050,Bronx,40.863550000000004,-73.89234,Private room,39
36243129,Bronx,40.86265,-73.89263,Entire home/apt,178
36243183,Bronx,40.86264,-73.89139,Private room,29
36243240,Bronx,40.86263,-73.89088,Private room,33
36283398,Bronx,40.80655,-73.85093,Entire home/apt,379
36350007,Bronx,40.81576,-73.84653,Entire home/apt,98
36350210,Bronx,40.81733,-73.84807,Entire home/apt,128
36350460,Bronx,40.8154,-73.84657,Private room,38
36350612,Bronx,40.81727,-73.84588,Private room,38
36350749,Bronx,40.81572,-73.84592,Private room,39
36350871,Bronx,40.81539,-73.84669,Private room,39
36351030,Bronx,40.81709,-73.84811,Private room,39
36379669,Bronx,40.84735,-73.83095,Shared room,50
36426093,Bronx,40.83926,-73.91173,Private room,140
36428186,Bronx,40.83146,-73.89666,Entire home/apt,80
36429652,Bronx,40.83502,-73.91058,Private room,125
36435986,Bronx,40.83372,-73.91187,Private room,70
36442252,Bronx,40.80787,-73.924,Entire home/apt,100
